step,phase,step_in_phase,dt,accept_rate,step_size,process_noise_std,obs_noise_std
0,burn-in,1,7.288692411035299,1.0,0.017173826684211104,1.999476029240298,2.0022390748363588
1,burn-in,2,7.231009479612112,1.0,0.045998910070811035,2.1219329134503444,1.8408732860829775
2,burn-in,3,7.28005451336503,1.0,0.11747132582173854,2.0170145363311662,1.5769327987789936
3,burn-in,4,7.298722260631621,0.75,0.07449257780875103,2.0170145363311662,1.5769327987789936
4,burn-in,5,7.32471342291683,0.8,0.2307991106036646,1.4591209650230343,1.404232790054436
5,burn-in,6,7.363895717076957,0.6666666666666666,0.12288688221545425,1.4591209650230343,1.404232790054436
6,burn-in,7,7.276672969572246,0.7142857142857143,0.3808106401392021,0.9994532959758377,0.821988178938863
7,burn-in,8,7.27692134398967,0.625,0.05114607396808033,0.9994532959758377,0.821988178938863
8,burn-in,9,7.3406395111233,0.6666666666666666,0.15568608614346466,0.8175957294729433,0.8416509765763242
9,burn-in,10,7.2701473673805594,0.7,0.24122066551736435,0.7725807224177176,1.630488190530891
10,burn-in,11,7.385000834241509,0.6363636363636364,0.4810984162944829,0.7725807224177176,1.630488190530891
11,burn-in,12,7.2978332825005054,0.5833333333333334,0.06140212537934235,0.7725807224177176,1.630488190530891
12,burn-in,13,7.322374087758362,0.6153846153846154,0.1440613134269538,0.6918971873493514,1.5550990680231025
13,burn-in,14,7.310253239236772,0.6428571428571429,0.25932812653483805,0.5841460905669331,1.03084408251705
14,burn-in,15,7.3085346864536405,0.6666666666666666,0.7514477146512509,0.7718971645772377,0.8456978485884789
15,burn-in,16,7.28296462725848,0.625,0.09869947601260247,0.7718971645772377,0.8456978485884789
16,burn-in,17,7.274565274827182,0.6470588235294118,0.030738605199691686,0.8940093944186388,1.386865051997401
17,burn-in,18,7.339910706505179,0.6666666666666666,0.06456761186786349,0.8762505354106965,1.5664504173441363
18,burn-in,19,7.293666730634868,0.6842105263157895,0.18216133054621966,0.7273257733697279,0.9448898451638121
19,burn-in,20,7.314478373154998,0.7,0.5049864078840388,0.5907321980135543,1.4067397825997954
20,burn-in,21,7.301214511506259,0.6666666666666666,0.07152309505481928,0.5907321980135543,1.4067397825997954
21,burn-in,22,7.345364107750356,0.6818181818181818,0.06297079517117835,0.4847333574304407,1.260576623100997
22,burn-in,23,7.343002368696034,0.6956521739130435,0.17145326724467572,0.635101632095517,1.3905162510202433
23,burn-in,24,7.339145490899682,0.7083333333333334,0.34402461447992716,0.7903505457385103,0.9762093988510483
24,burn-in,25,7.387572324834764,0.68,0.05490740060537491,0.7903505457385103,0.9762093988510483
25,burn-in,26,7.346434149891138,0.6923076923076923,0.14585417613944762,0.8608620086713117,1.0334715686986118
26,burn-in,27,7.33251628652215,0.7037037037037037,0.16643272961451522,0.6348117274081139,1.3460019043313338
27,burn-in,28,7.320161667652428,0.7142857142857143,0.43077435191868985,0.5995605744656554,1.1273427014421082
28,burn-in,29,7.308629039674997,0.6896551724137931,0.12106908528612566,0.5995605744656554,1.1273427014421082
29,burn-in,30,7.359317575581372,0.7,0.10944120572079179,0.8503455940899265,1.4849837144947846
30,burn-in,31,7.39986336696893,0.7096774193548387,0.27760766089671257,0.5479684232953295,1.1487418522900084
31,burn-in,32,7.346471667289734,0.71875,0.6935332281191962,0.9852178325754155,0.8804872133362727
32,burn-in,33,7.375740156508982,0.696969696969697,0.11799995379969874,0.9852178325754155,0.8804872133362727
33,burn-in,34,7.309363468550146,0.7058823529411765,0.29251482812395474,0.8667338493982857,1.3071131531129807
34,burn-in,35,7.39680837187916,0.7142857142857143,0.7147728671619151,0.727900306760234,1.224769268137486
35,burn-in,36,7.396822113543749,0.6944444444444444,0.1268170099267048,0.727900306760234,1.224769268137486
36,burn-in,37,7.315811677835882,0.7027027027027027,0.1178771968273566,0.7498003250324822,1.2376559361012813
37,burn-in,38,7.318694585002959,0.7105263157894737,0.2841919397317363,0.878332552608242,1.0714768588845165
38,burn-in,39,7.360314031131566,0.6923076923076923,0.052845639201843674,0.878332552608242,1.0714768588845165
39,burn-in,40,7.431288321502507,0.7,0.12650747418350639,0.8499919402552079,1.3683925812838176
40,burn-in,41,7.37990914657712,0.7073170731707317,0.29896005499178907,0.8026227298662256,0.9876722703614748
41,burn-in,42,7.39037820789963,0.6904761904761905,0.0600551720354204,0.8026227298662256,0.9876722703614748
42,burn-in,43,7.373953139409423,0.6976744186046512,0.1001732456876138,0.8072306933216832,1.164734215002308
43,burn-in,44,7.374235091730952,0.7045454545454546,0.23281435893207456,0.8777175361808417,1.0866036153384822
44,burn-in,45,7.319373222067952,0.7111111111111111,0.5346989680658258,0.6166821125477164,1.236789617016062
45,burn-in,46,7.339981771074235,0.6956521739130435,0.10770146305318945,0.6166821125477164,1.236789617016062
46,burn-in,47,7.364965844899416,0.7021276595744681,0.21509222969198932,0.9626736268595182,1.1211688180698047
47,burn-in,48,7.367516849189997,0.7083333333333334,0.48601345651649297,0.5558123370849322,1.1761259672004616
48,burn-in,49,7.328953765332699,0.6938775510204082,0.10129388182746692,0.5558123370849322,1.1761259672004616
49,burn-in,50,7.379351766780019,0.68,0.0998272696209083,0.5558123370849322,1.1761259672004616
50,burn-in,51,7.318260616622865,0.66,0.14395125432056402,0.5558123370849322,1.1761259672004616
51,burn-in,52,7.303680066019297,0.66,0.1390875173413289,0.8409366189278173,1.3464235484117524
52,burn-in,53,7.369424424134195,0.66,0.3070500473506614,0.7933402930157821,1.0488605988431852
53,burn-in,54,7.318818987347186,0.66,0.0682179681206636,0.7933402930157821,1.0488605988431852
54,burn-in,55,7.3805658128112555,0.66,0.149793893246452,0.794082859398711,1.1622977097462373
55,burn-in,56,7.361966159194708,0.68,0.27906493897043405,0.6938700547937728,1.2500795684663493
56,burn-in,57,7.3022631434723735,0.68,0.2468206723195018,0.9692193122322308,1.2253694939720774
57,burn-in,58,7.360498171299696,0.7,0.5301075792824155,0.6780998182083082,1.377449459257621
58,burn-in,59,7.299125391989946,0.68,0.12174789002910416,0.6780998182083082,1.377449459257621
59,burn-in,60,7.3793468391522765,0.68,0.1687707511738863,1.1521013116390235,1.056390402209201
60,burn-in,61,7.308741656132042,0.7,0.3584846190347427,0.9341128408082562,1.133510895992454
61,burn-in,62,7.348166991025209,0.72,0.3651937341863729,0.8469557930707778,1.1844327341629997
62,burn-in,63,7.450587654486299,0.7,0.08740504713610517,0.8469557930707778,1.1844327341629997
63,burn-in,64,7.437604930251837,0.7,0.18399704825030455,0.7616916882721559,1.2582732975112314
64,burn-in,65,7.370169355534017,0.7,0.1398536102133452,0.8292539141638526,1.1438919686283309
65,burn-in,66,7.398895460180938,0.72,0.2474164791234101,1.0153490429358416,1.087998051779226
66,burn-in,67,7.421125705353916,0.72,0.5115412733402631,0.6192621293097044,1.3471196352826096
67,burn-in,68,7.332212965935469,0.7,0.12665840817770876,0.6192621293097044,1.3471196352826096
68,burn-in,69,7.3551533576101065,0.7,0.2607991434672507,0.5890014735409183,1.2599142500036344
69,burn-in,70,7.345316580496728,0.68,0.3358389920863696,0.5890014735409183,1.2599142500036344
70,burn-in,71,7.357778689824045,0.7,0.68275557511167,0.7336327307540895,1.2019674127975042
71,burn-in,72,7.340580127201974,0.68,0.17393481445655545,0.7336327307540895,1.2019674127975042
72,burn-in,73,7.360520999878645,0.68,0.35226225491945723,0.9466587616260672,1.0205766216016563
73,burn-in,74,7.345515734516084,0.66,0.17338730520585321,0.9466587616260672,1.0205766216016563
74,burn-in,75,7.394882809370756,0.66,0.11810981148412977,0.9466587616260672,1.0205766216016563
75,burn-in,76,7.380227769725025,0.66,0.1033869510312039,0.6988192176096366,1.2892355951504497
76,burn-in,77,7.323302003555,0.66,0.20701732679723991,0.6572931940399033,1.2388924732872333
77,burn-in,78,7.414754694327712,0.66,0.4116959369502669,0.8655068123922531,1.3199482809499585
78,burn-in,79,7.356335830874741,0.66,0.11035762461353611,0.8655068123922531,1.3199482809499585
79,burn-in,80,7.376144139096141,0.66,0.1991850858168327,0.6021650980282927,1.225558416500198
80,burn-in,81,7.327008015476167,0.66,0.1991850858168327,0.7755121286471658,0.9343525328068091
81,burn-in,82,7.3042500205338,0.66,0.1991850858168327,0.7833086456803843,1.3232591211671363
82,burn-in,83,7.313919769600034,0.66,0.1991850858168327,0.7833086456803843,1.3232591211671363
83,burn-in,84,7.269738862290978,0.66,0.1991850858168327,0.8036090342855403,1.3259212186673826
84,burn-in,85,7.311852058395743,0.66,0.1991850858168327,0.711764445674312,1.1202428126920443
85,burn-in,86,7.353887276723981,0.68,0.1991850858168327,1.0664190778950866,1.0034919912174654
86,burn-in,87,7.300877983681858,0.68,0.1991850858168327,0.6372621621150533,1.3043100731403894
87,burn-in,88,7.329696875065565,0.68,0.1991850858168327,0.9889468878551414,1.5718467398340497
88,burn-in,89,7.302232541143894,0.7,0.1991850858168327,0.6995021563115688,1.242267462514056
89,burn-in,90,7.299214296042919,0.7,0.1991850858168327,0.8674551653526217,1.3294571286556711
90,burn-in,91,7.28689603228122,0.7,0.1991850858168327,0.63623578773186,1.2060946531440888
91,burn-in,92,7.345051231794059,0.72,0.1991850858168327,0.8373092350972289,1.1490153254620792
92,burn-in,93,7.326036740094423,0.72,0.1991850858168327,0.6317494400882402,1.2278152717267157
93,burn-in,94,7.278098731301725,0.72,0.1991850858168327,0.8989969645890037,1.436205106365306
94,burn-in,95,7.335325910709798,0.72,0.1991850858168327,1.2538308802355762,1.0892220400584687
95,burn-in,96,7.25756863784045,0.74,0.1991850858168327,0.606004866777167,1.3096512005618273
96,burn-in,97,7.34908387158066,0.74,0.1991850858168327,1.0333012038340996,1.3133856631218237
97,burn-in,98,7.335121392272413,0.74,0.1991850858168327,1.0771381878957402,1.1566398616833793
98,burn-in,99,7.380919020622969,0.76,0.1991850858168327,0.4507128831562172,1.188836266290332
99,burn-in,100,7.37361356895417,0.78,0.1991850858168327,1.217079897688331,0.8840543452269437
100,sample,1,7.391310889273882,0.8,0.1991850858168327,0.49630837544408957,1.5278513272727512
101,sample,2,7.355793318711221,0.8,0.1991850858168327,1.3166533086891432,0.9844491033410837
102,sample,3,7.313447147607803,0.8,0.1991850858168327,0.3835631413556864,1.2253660850876673
103,sample,4,7.395543796941638,0.82,0.1991850858168327,1.291928002098519,0.9747958942944319
104,sample,5,7.346177655272186,0.82,0.1991850858168327,0.41791685738680046,1.3056559943395003
105,sample,6,7.3731341529637575,0.82,0.1991850858168327,1.1225023232020515,0.9731636540052663
106,sample,7,7.3275346755981445,0.82,0.1991850858168327,0.49145292817916053,1.2251280445317065
107,sample,8,7.398020137101412,0.82,0.1991850858168327,1.0342483149472785,1.2796147847306958
108,sample,9,7.366775183938444,0.84,0.1991850858168327,0.49157050234199906,1.158723579619737
109,sample,10,7.396905383095145,0.84,0.1991850858168327,0.9951536828986762,1.0451468549138256
110,sample,11,7.290230967104435,0.84,0.1991850858168327,0.5569602634119678,1.4108061009834314
111,sample,12,7.3983590472489595,0.84,0.1991850858168327,0.9291544400345411,0.9474034788455565
112,sample,13,7.302304660901427,0.84,0.1991850858168327,0.9291544400345411,0.9474034788455565
113,sample,14,7.356226553209126,0.84,0.1991850858168327,0.7113824321090381,1.2585934705270616
114,sample,15,7.305189706385136,0.84,0.1991850858168327,0.7012960836873893,0.9649276076953593
115,sample,16,7.332404488697648,0.84,0.1991850858168327,0.6997793365714449,1.36613514715912
116,sample,17,7.349805387668312,0.82,0.1991850858168327,0.6997793365714449,1.36613514715912
117,sample,18,7.365066885016859,0.84,0.1991850858168327,0.8773291258377562,0.9941892195471911
118,sample,19,7.328249670565128,0.82,0.1991850858168327,0.8773291258377562,0.9941892195471911
119,sample,20,7.373521319590509,0.82,0.1991850858168327,0.8773291258377562,0.9941892195471911
120,sample,21,7.296254572458565,0.82,0.1991850858168327,0.7198418099913203,1.4659078186305325
121,sample,22,7.329640938900411,0.84,0.1991850858168327,0.950857706508801,1.154160177785837
122,sample,23,7.332497792318463,0.84,0.1991850858168327,0.5705373451051167,1.1655459208017058
123,sample,24,7.321842186152935,0.86,0.1991850858168327,0.8758705689158066,0.90259725332677
124,sample,25,7.3009661277756095,0.88,0.1991850858168327,0.9855197445295332,1.0677378869865728
125,sample,26,7.450941138900816,0.88,0.1991850858168327,0.5333920044714036,1.189286962027909
126,sample,27,7.332987321540713,0.88,0.1991850858168327,0.9539553529665684,1.4022281213892684
127,sample,28,7.3329926412552595,0.88,0.1991850858168327,0.7104963054083855,1.5456378475436316
128,sample,29,7.351837445050478,0.88,0.1991850858168327,0.7104963054083855,1.5456378475436316
129,sample,30,7.409541122615337,0.88,0.1991850858168327,1.1460668470601134,0.6855642664993896
130,sample,31,7.3008171916008,0.88,0.1991850858168327,0.5946904072820809,1.3791288313812868
131,sample,32,7.303205455653369,0.88,0.1991850858168327,1.1038154819479669,0.9108314249663316
132,sample,33,7.31320124398917,0.9,0.1991850858168327,0.7895602774822841,1.437002203317826
133,sample,34,7.290181559510529,0.88,0.1991850858168327,0.7895602774822841,1.437002203317826
134,sample,35,7.30136260855943,0.88,0.1991850858168327,1.0866844563722582,0.7954078028310554
135,sample,36,7.30935559887439,0.88,0.1991850858168327,0.5977013630574487,1.3006917817438564
136,sample,37,7.321436293423176,0.88,0.1991850858168327,0.9054118364959414,1.254676813142977
137,sample,38,7.38330271281302,0.88,0.1991850858168327,0.620102321510851,1.3641477296907512
138,sample,39,7.338908116333187,0.86,0.1991850858168327,0.620102321510851,1.3641477296907512
139,sample,40,7.322150822728872,0.86,0.1991850858168327,1.0739084387430347,1.1261110104676926
140,sample,41,7.371192219667137,0.86,0.1991850858168327,0.5892505117856366,1.2409317929151717
141,sample,42,7.3193717785179615,0.86,0.1991850858168327,0.8822446106503262,1.1221939395285694
142,sample,43,7.34753814060241,0.84,0.1991850858168327,0.8822446106503262,1.1221939395285694
143,sample,44,7.28683084435761,0.84,0.1991850858168327,1.1170453292646954,0.8963868391815274
144,sample,45,7.343840076588094,0.84,0.1991850858168327,0.6358563776327827,1.2921382575278688
145,sample,46,7.288024102337658,0.84,0.1991850858168327,0.8354263151720572,1.1477312511577689
146,sample,47,7.325070397928357,0.84,0.1991850858168327,0.6313272068020478,1.305374577061862
147,sample,48,7.3006873009726405,0.84,0.1991850858168327,0.9519441432496881,1.0743127897589506
148,sample,49,7.379491334781051,0.84,0.1991850858168327,0.5035122425135595,1.1934032589565793
149,sample,50,7.399172525852919,0.84,0.1991850858168327,0.8612548052124115,0.9255964993439434
150,sample,51,7.4342119144275784,0.84,0.1991850858168327,0.6662022218013322,1.3192701829783688
151,sample,52,7.327353758737445,0.84,0.1991850858168327,0.9243188802934335,1.2396390194800566
152,sample,53,7.374390066601336,0.84,0.1991850858168327,0.7380084844295658,1.0207892389635917
153,sample,54,7.368166986852884,0.84,0.1991850858168327,0.868824886388991,1.3068469633677169
154,sample,55,7.3659188793972135,0.84,0.1991850858168327,0.650615617000924,1.1907890396233138
155,sample,56,7.3739987490698695,0.84,0.1991850858168327,0.7768242896294436,0.9557736870872039
156,sample,57,7.353969666175544,0.84,0.1991850858168327,0.7472576290546608,1.087075501889275
157,sample,58,7.36231798492372,0.82,0.1991850858168327,0.7472576290546608,1.087075501889275
158,sample,59,7.361416572704911,0.82,0.1991850858168327,0.8943593608380394,1.0537578617075878
159,sample,60,7.379039369523525,0.82,0.1991850858168327,0.7614961146530761,1.0631627866010704
160,sample,61,7.361533408053219,0.8,0.1991850858168327,0.7614961146530761,1.0631627866010704
161,sample,62,7.359522715210915,0.78,0.1991850858168327,0.7614961146530761,1.0631627866010704
162,sample,63,7.445668368600309,0.8,0.1991850858168327,1.1278051948548988,1.1323882824922071
163,sample,64,7.365204355679452,0.78,0.1991850858168327,1.1278051948548988,1.1323882824922071
164,sample,65,7.408910213969648,0.78,0.1991850858168327,0.5827943949008443,1.1588833930811875
165,sample,66,7.413479421287775,0.76,0.1991850858168327,0.5827943949008443,1.1588833930811875
166,sample,67,7.388043428771198,0.78,0.1991850858168327,1.0819752270803518,0.9660569307398098
167,sample,68,7.38838183041662,0.78,0.1991850858168327,0.6871636189560759,1.1972339705553838
168,sample,69,7.344028578139842,0.8,0.1991850858168327,0.9929712971493116,1.119980513041246
169,sample,70,7.325760284438729,0.82,0.1991850858168327,0.5244849218388347,1.1495909509333526
170,sample,71,7.371784667484462,0.82,0.1991850858168327,1.4097306488300823,1.0337376651324486
171,sample,72,7.358402153477073,0.82,0.1991850858168327,0.6010201938632082,1.514073045780022
172,sample,73,7.5372386844828725,0.82,0.1991850858168327,1.2213363927808059,1.1244762529960781
173,sample,74,7.348509408533573,0.82,0.1991850858168327,0.6224993144486635,1.3655719142490201
174,sample,75,7.381904470734298,0.82,0.1991850858168327,0.9770967743584823,1.3514151156925893
175,sample,76,7.425430778414011,0.82,0.1991850858168327,0.6403591625414855,1.2298836870775534
176,sample,77,7.379876456223428,0.82,0.1991850858168327,1.0331150601706252,1.4395362882493419
177,sample,78,7.377975094132125,0.82,0.1991850858168327,0.8887537978536956,0.9234426547916014
178,sample,79,7.391356854699552,0.84,0.1991850858168327,0.5234037313429936,1.3955598802026075
179,sample,80,7.391447152942419,0.84,0.1991850858168327,1.0310091996607078,1.044370256209564
180,sample,81,7.4486499493941665,0.84,0.1991850858168327,0.47895204774948014,1.62311474174065
181,sample,82,7.351150238886476,0.84,0.1991850858168327,1.7361802175745937,0.5453943100354225
182,sample,83,7.33467196021229,0.84,0.1991850858168327,1.84510420908815,0.49196853847350197
183,sample,84,7.282636039890349,0.86,0.1991850858168327,1.61480821188845,0.43996986843907976
184,sample,85,7.360782249830663,0.86,0.1991850858168327,1.6534242772715086,0.34819647000880805
185,sample,86,7.33695744164288,0.86,0.1991850858168327,0.8034411542553254,1.9359292194226025
186,sample,87,7.3845758913084865,0.86,0.1991850858168327,0.9763698626611187,1.4195174947898466
187,sample,88,7.293767783790827,0.86,0.1991850858168327,0.7175071070406739,1.4963130036251762
188,sample,89,7.339769959449768,0.88,0.1991850858168327,0.869523705221646,1.1625869326442964
189,sample,90,7.347536792978644,0.88,0.1991850858168327,0.6579656434021494,1.5930175619107891
190,sample,91,7.277644081972539,0.88,0.1991850858168327,1.039045031907266,1.0699046818037417
191,sample,92,7.339744397439063,0.88,0.1991850858168327,0.5171212059229129,1.3414563606187906
192,sample,93,7.296714013442397,0.9,0.1991850858168327,1.0262102054572184,1.2946960319992713
193,sample,94,7.314245353452861,0.9,0.1991850858168327,0.6200991381759812,1.1597662205136106
194,sample,95,7.2954058684408665,0.9,0.1991850858168327,0.7567386748877145,1.068775194352016
195,sample,96,7.30148864723742,0.9,0.1991850858168327,0.8866144295844228,1.1071087663272698
196,sample,97,7.288474692963064,0.9,0.1991850858168327,0.5868072114251218,1.2772771759903316
197,sample,98,7.376850122585893,0.9,0.1991850858168327,0.8947411257889685,1.190529959431443
198,sample,99,7.406376884318888,0.9,0.1991850858168327,0.6752950932503906,1.5206044248698471
199,sample,100,7.312139549292624,0.9,0.1991850858168327,0.8535488442338179,1.14419471630316
200,sample,101,7.363075802102685,0.9,0.1991850858168327,0.6021202456226071,1.1401722796296625
201,sample,102,7.36298737488687,0.9,0.1991850858168327,0.8720582762716843,1.1190118064549683
202,sample,103,7.371280747465789,0.9,0.1991850858168327,0.6392073268931503,1.2704845201564514
203,sample,104,7.332643393427134,0.88,0.1991850858168327,0.6392073268931503,1.2704845201564514
204,sample,105,7.3789160111919045,0.88,0.1991850858168327,0.9190259931026935,1.0454740609422217
205,sample,106,7.349013396538794,0.88,0.1991850858168327,0.5677353543169955,1.4874907789703822
206,sample,107,7.3186477310955524,0.86,0.1991850858168327,0.5677353543169955,1.4874907789703822
207,sample,108,7.340310866944492,0.88,0.1991850858168327,1.133582755366889,0.8908857612907235
208,sample,109,7.419416408985853,0.88,0.1991850858168327,0.645594751300648,1.2580818910449105
209,sample,110,7.3793993489816785,0.86,0.1991850858168327,0.645594751300648,1.2580818910449105
210,sample,111,7.339005404151976,0.88,0.1991850858168327,0.8620281179357691,1.0337055218269162
211,sample,112,7.321724691428244,0.9,0.1991850858168327,0.6041078738255934,1.3657642994194925
212,sample,113,7.347878064028919,0.9,0.1991850858168327,0.9370608041350695,1.2170583884014403
213,sample,114,7.360151921398938,0.92,0.1991850858168327,0.5891740655733487,1.1114206228892234
214,sample,115,7.317091537639499,0.92,0.1991850858168327,0.9158423432373888,1.192374851572499
215,sample,116,7.363886467181146,0.94,0.1991850858168327,0.6382587789838194,1.0955097581111868
216,sample,117,7.326855204068124,0.94,0.1991850858168327,0.8309370886605257,0.931656521864387
217,sample,118,7.354065123014152,0.94,0.1991850858168327,0.6187422351014763,1.451028489779681
218,sample,119,7.349276665598154,0.94,0.1991850858168327,0.9093270881099458,1.2334900890645215
219,sample,120,7.387588955461979,0.94,0.1991850858168327,0.7775866543762788,1.2488567357331972
220,sample,121,7.399301290512085,0.94,0.1991850858168327,0.6448517317034077,1.0695109274799985
221,sample,122,7.3698501931503415,0.94,0.1991850858168327,0.798251788775623,1.4372606283486784
222,sample,123,7.356083615683019,0.94,0.1991850858168327,0.7607902440454412,1.2868263830730626
223,sample,124,7.317889523692429,0.94,0.1991850858168327,0.8655381902777166,1.104512236228642
224,sample,125,7.393812722526491,0.94,0.1991850858168327,0.9605183798555078,0.9512511209969396
225,sample,126,7.314470517449081,0.94,0.1991850858168327,0.5499150746094859,1.5072293700279111
226,sample,127,7.34824406914413,0.92,0.1991850858168327,0.5499150746094859,1.5072293700279111
227,sample,128,7.310285955667496,0.9,0.1991850858168327,0.5499150746094859,1.5072293700279111
228,sample,129,7.327405175194144,0.9,0.1991850858168327,0.8902877408375537,0.9569495498716148
229,sample,130,7.404239285737276,0.9,0.1991850858168327,0.5742737792197409,1.3536220350623136
230,sample,131,7.400393619202077,0.9,0.1991850858168327,1.0821462645930013,1.255147014982946
231,sample,132,7.392351440154016,0.9,0.1991850858168327,0.6095318125780417,1.1392004233313842
232,sample,133,7.354029479436576,0.9,0.1991850858168327,0.9648853595121254,1.0752603964062426
233,sample,134,7.417966361157596,0.9,0.1991850858168327,0.6970813692343999,1.5787575441668005
234,sample,135,7.326248846016824,0.9,0.1991850858168327,0.8924622356777255,1.151223533650617
235,sample,136,7.3496608613058925,0.9,0.1991850858168327,0.6287283939668828,1.2314457083674704
236,sample,137,7.3942496832460165,0.9,0.1991850858168327,0.875808533929381,1.1281925243012925
237,sample,138,7.395375421270728,0.9,0.1991850858168327,0.9188501186894747,1.2192226935728117
238,sample,139,7.497262194752693,0.9,0.1991850858168327,0.6211469662509366,1.3163265845252314
239,sample,140,7.473759667947888,0.9,0.1991850858168327,0.9449148294305775,1.1725914090227298
240,sample,141,7.52322081848979,0.9,0.1991850858168327,0.6155706769960322,1.3628616042252
241,sample,142,7.583814803510904,0.9,0.1991850858168327,0.9467923620398123,1.1481402243972898
242,sample,143,7.380959067493677,0.9,0.1991850858168327,0.7870652556947297,1.3563470198394392
243,sample,144,7.475995693355799,0.9,0.1991850858168327,0.6359357072458653,0.9770717137990929
244,sample,145,7.398920667357743,0.9,0.1991850858168327,0.6924303309094968,1.1466575230372713
245,sample,146,7.39079965185374,0.9,0.1991850858168327,0.7642439330235323,1.0200324510095584
246,sample,147,7.382813269272447,0.9,0.1991850858168327,0.7423006753369792,1.2137178740066463
247,sample,148,7.488839104771614,0.9,0.1991850858168327,0.7213836305493065,1.1401661113963977
248,sample,149,7.400913421995938,0.88,0.1991850858168327,0.7213836305493065,1.1401661113963977
249,sample,150,7.412922746501863,0.88,0.1991850858168327,1.3038750172012297,0.933822239325877
250,sample,151,7.385080176405609,0.88,0.1991850858168327,0.38799190688088736,1.378351836328343
251,sample,152,7.443282603286207,0.88,0.1991850858168327,1.7281006973178739,0.5699000194761904
252,sample,153,7.413676316849887,0.88,0.1991850858168327,0.44126059259137806,1.6701920165248654
253,sample,154,7.400199200026691,0.9,0.1991850858168327,1.4529575276708417,0.6747289898091905
254,sample,155,7.393906298093498,0.9,0.1991850858168327,0.7855076765524975,1.7333463400287619
255,sample,156,7.390094208531082,0.9,0.1991850858168327,0.9675320347269023,1.3647336491469282
256,sample,157,7.339012113399804,0.92,0.1991850858168327,0.8007605563520221,1.073018539538045
257,sample,158,7.379207706078887,0.92,0.1991850858168327,0.9195514763090041,1.112230347239162
258,sample,159,7.4067285768687725,0.92,0.1991850858168327,0.888598402303783,1.1457357530130874
259,sample,160,7.378209833987057,0.94,0.1991850858168327,0.6072921106043062,1.2930490869683793
260,sample,161,7.368116565980017,0.94,0.1991850858168327,0.79516136372631,1.0106954291823127
261,sample,162,7.3353206589818,0.94,0.1991850858168327,0.9283127611932943,1.3597100439370564
262,sample,163,7.357620861381292,0.94,0.1991850858168327,0.6119629372142079,1.2891948141084735
263,sample,164,7.438315365463495,0.94,0.1991850858168327,0.9525871261136372,1.1329246604495447
264,sample,165,7.352371812798083,0.92,0.1991850858168327,0.9525871261136372,1.1329246604495447
265,sample,166,7.313532235100865,0.92,0.1991850858168327,0.6071678101931894,1.2367619795283404
266,sample,167,7.344398640096188,0.92,0.1991850858168327,0.8215157271206245,0.9432114578753382
267,sample,168,7.414160685613751,0.92,0.1991850858168327,0.6769064550335606,1.1864477742836907
268,sample,169,7.381309244781733,0.92,0.1991850858168327,0.7925133185338127,1.4062567376157
269,sample,170,7.413211714476347,0.92,0.1991850858168327,0.8810897828715848,1.2965355799881695
270,sample,171,7.350217306055129,0.92,0.1991850858168327,0.7538850251467535,1.3286325139481843
271,sample,172,7.439042707905173,0.92,0.1991850858168327,0.8247787555727926,1.5257504431960272
272,sample,173,7.525449636392295,0.92,0.1991850858168327,0.9088966407397522,1.483918296864828
273,sample,174,7.422610895708203,0.92,0.1991850858168327,0.7050463022135102,1.2148553375843905
274,sample,175,7.377404240891337,0.92,0.1991850858168327,0.700210203890546,1.1122729697963576
275,sample,176,7.403273591771722,0.92,0.1991850858168327,0.7294147091912431,1.2756539881826685
276,sample,177,7.361290815286338,0.94,0.1991850858168327,0.8068380438207932,1.2520730427373818
277,sample,178,7.430332421325147,0.96,0.1991850858168327,0.7646119568554538,1.448337296595074
278,sample,179,7.332409349270165,0.96,0.1991850858168327,0.7264442273691339,1.1336389527137176
279,sample,180,7.348272441886365,0.96,0.1991850858168327,0.7570958990388884,1.4145755637697257
280,sample,181,7.383948039263487,0.96,0.1991850858168327,0.8473308497577566,0.8600917162655611
281,sample,182,7.3442012295126915,0.96,0.1991850858168327,0.6736419519989503,1.2942468008122416
282,sample,183,7.35038270894438,0.94,0.1991850858168327,0.6736419519989503,1.2942468008122416
283,sample,184,7.3125739973038435,0.94,0.1991850858168327,0.9766025545449207,1.1910521986622604
284,sample,185,7.351135415025055,0.94,0.1991850858168327,0.5701940549406571,1.2993100790758014
285,sample,186,7.320774571970105,0.94,0.1991850858168327,0.9140676635874214,1.1619579707222383
286,sample,187,7.361732329241931,0.92,0.1991850858168327,0.9140676635874214,1.1619579707222383
287,sample,188,7.375773006118834,0.92,0.1991850858168327,0.6786284676081195,1.2569968293452722
288,sample,189,7.453908185474575,0.92,0.1991850858168327,0.8264245274582479,1.2662012279407917
289,sample,190,7.348058226518333,0.92,0.1991850858168327,0.6510865205811146,1.176955230818949
290,sample,191,7.397217062301934,0.92,0.1991850858168327,0.8551348129104025,1.091219449115669
291,sample,192,7.400903274305165,0.92,0.1991850858168327,0.8723299544373944,0.9372698624090995
292,sample,193,7.4137016870081425,0.92,0.1991850858168327,0.6026797212733151,1.102228976090546
293,sample,194,7.40501079056412,0.92,0.1991850858168327,1.1433102458539384,1.1047665500155093
294,sample,195,7.365008861757815,0.92,0.1991850858168327,0.5075684274628428,1.208987542406441
295,sample,196,7.340217555873096,0.9,0.1991850858168327,0.5075684274628428,1.208987542406441
296,sample,197,7.345975654199719,0.88,0.1991850858168327,0.5075684274628428,1.208987542406441
297,sample,198,7.380313471890986,0.88,0.1991850858168327,0.9274366312090764,1.0819854325217428
298,sample,199,7.343284206464887,0.9,0.1991850858168327,0.5978701151409002,1.0963068285994713
299,sample,200,7.297787141986191,0.9,0.1991850858168327,1.0399670018074163,1.3109004387819139
