step,phase,step_in_phase,dt,accept_rate,step_size,sigma_range,sigma_bearing
0,burn-in,1,26.152830530889332,1.0,0.011993961507782811,0.2997797615134853,0.30061914643202986
1,burn-in,2,26.18590782675892,0.5,0.0036493146608743364,0.2997797615134853,0.30061914643202986
2,burn-in,3,26.17683106381446,0.6666666666666666,0.004176296449000117,0.300968243979946,0.29721844102451955
3,burn-in,4,26.06207523494959,0.75,0.005217810496538589,0.291765457984352,0.2842913699094652
4,burn-in,5,26.01417018007487,0.6,0.0018967171372809004,0.291765457984352,0.2842913699094652
5,burn-in,6,26.278258925303817,0.6666666666666666,0.001089027241866005,0.29277629358341917,0.28707527328899013
6,burn-in,7,26.177711313590407,0.7142857142857143,0.0005790014559692462,0.2942106468199898,0.28704441128901687
7,burn-in,8,26.066242980770767,0.75,0.0007712953317038514,0.2939581994926896,0.2863478093776836
8,burn-in,9,26.097945861518383,0.7777777777777778,0.0010446841648701387,0.2921939583398762,0.2850729366392229
9,burn-in,10,26.11163178086281,0.8,0.001201487602665357,0.2924662959033164,0.2868241584704884
10,burn-in,11,26.02551930118352,0.7272727272727273,0.0007308464027311636,0.2924662959033164,0.2868241584704884
11,burn-in,12,26.076564269140363,0.75,0.0010092832827071642,0.2909001751680047,0.2871231444088004
12,burn-in,13,26.032766867429018,0.7692307692307693,0.00040026710760421915,0.29047841608962344,0.28826768822068255
13,burn-in,14,26.05463821068406,0.7857142857142857,0.00024291806614584895,0.28999784616336,0.28860040936370396
14,burn-in,15,25.97086796257645,0.8,0.0003164964960084941,0.2901536700990785,0.28906145985615544
15,burn-in,16,26.014370740391314,0.8125,0.00044094708161791546,0.2900694254920905,0.28963739997768473
16,burn-in,17,26.104057707823813,0.8235294117647058,0.0006124333985386779,0.2897949890537936,0.2891182298703795
17,burn-in,18,26.092173219658434,0.8333333333333334,0.00034501290219569647,0.28980578678487035,0.29061400429586737
18,burn-in,19,25.960360840894282,0.8421052631578947,0.0004787674359207283,0.28957291627947984,0.28969567275827035
19,burn-in,20,26.18014149647206,0.85,0.0006613887884971532,0.28884820662857497,0.290248274902645
20,burn-in,21,26.150302100926638,0.8571428571428571,0.0006356167359749108,0.28846378423666685,0.28868497358239065
21,burn-in,22,26.231041882187128,0.8636363636363636,0.0001977956895683249,0.2873714681964525,0.2885538424873926
22,burn-in,23,26.232249787077308,0.8695652173913043,0.0002734925250372133,0.28747478919140135,0.28870393574807685
23,burn-in,24,26.16592951770872,0.875,0.0002471647201371761,0.28756163155202286,0.2890240144401495
24,burn-in,25,26.01765334699303,0.84,0.0001686481106423261,0.28756163155202286,0.2890240144401495
25,burn-in,26,25.95880333520472,0.8461538461538461,0.0002318041115047773,0.28760395703113356,0.28889890998580176
26,burn-in,27,25.96310325153172,0.8518518518518519,0.0002628043879487294,0.28751304108094844,0.2890809141825189
27,burn-in,28,25.90499141998589,0.8571428571428571,0.00012280390704855126,0.28716209465808756,0.2897241271177732
28,burn-in,29,26.086444929242134,0.8620689655172413,0.00016795304462228708,0.2872953271299814,0.2897032585924501
29,burn-in,30,25.95960734691471,0.8666666666666667,0.0002285137345415792,0.2874343651111165,0.290028979936928
30,burn-in,31,26.108340691775084,0.8709677419354839,0.00018764404042637172,0.287205686595361,0.29021046827890207
31,burn-in,32,26.07613314129412,0.875,0.00016456100856591233,0.28767618035079046,0.2902100822620091
32,burn-in,33,26.087043222039938,0.8787878787878788,0.000222246066000519,0.2874587656456458,0.29022471159259017
33,burn-in,34,25.97131976019591,0.8823529411764706,0.00029868738450514025,0.2873780854817444,0.29015350884521574
34,burn-in,35,26.144038498401642,0.8571428571428571,0.00010844609232197259,0.2873780854817444,0.29015350884521574
35,burn-in,36,26.122460410930216,0.8611111111111112,4.781486940225087e-05,0.2871561174586032,0.28998138988521927
36,burn-in,37,26.074418012052774,0.8648648648648649,6.456849611114579e-05,0.2871146041596916,0.28989527949878546
37,burn-in,38,26.190686214715242,0.868421052631579,5.300550829417343e-05,0.2871614995849803,0.28985634278859546
38,burn-in,39,26.06605797354132,0.8461538461538461,5.614382452109725e-05,0.2871614995849803,0.28985634278859546
39,burn-in,40,26.153150701895356,0.825,3.97763878605455e-05,0.2871614995849803,0.28985634278859546
40,burn-in,41,26.025831534527242,0.8292682926829268,5.32732727786016e-05,0.28715616861477833,0.2897764422750099
41,burn-in,42,26.03093067277223,0.8333333333333334,7.103195994435669e-05,0.2871130215245594,0.2897002023764725
42,burn-in,43,26.071266662329435,0.8372093023255814,5.570912946115252e-05,0.28710339496598236,0.2897173916017892
43,burn-in,44,26.114678792655468,0.8409090909090909,4.1847056302000443e-05,0.2871378996145669,0.2896825147082034
44,burn-in,45,26.026770141907036,0.8444444444444444,5.5521452252172966e-05,0.2871262990040036,0.2897040992624777
45,burn-in,46,25.976020090281963,0.8478260869565217,5.820099432444526e-05,0.2871870665685993,0.2896803399974219
46,burn-in,47,26.104996716603637,0.851063829787234,6.922319766453894e-05,0.28726688655384824,0.2896613177849963
47,burn-in,48,25.918886428698897,0.8541666666666666,3.551735988167242e-05,0.2872465072336887,0.2897627129649203
48,burn-in,49,26.09410462807864,0.8367346938775511,2.6985969672180384e-05,0.2872465072336887,0.2897627129649203
49,burn-in,50,26.23129400704056,0.84,3.553618459923648e-05,0.28724256832948175,0.2897843008762863
50,burn-in,51,26.041652184911072,0.82,3.6630773255739536e-05,0.28724256832948175,0.2897843008762863
51,burn-in,52,26.043043662793934,0.84,4.794886004331029e-05,0.2872218166567836,0.2897583222570949
52,burn-in,53,26.111768756061792,0.84,2.2726077848137027e-05,0.28727454598949287,0.28981955099942575
53,burn-in,54,26.005100869573653,0.84,2.9725282265640478e-05,0.2872338465626352,0.2897975358546279
54,burn-in,55,25.98135758470744,0.84,1.624163659880177e-05,0.2872338465626352,0.2897975358546279
55,burn-in,56,26.02571621723473,0.84,1.1195216923502028e-05,0.2872263875437581,0.28979551736265524
56,burn-in,57,26.115703128278255,0.84,1.4625582183906359e-05,0.2872184308165751,0.28981092122006
57,burn-in,58,26.045128121972084,0.82,9.548162583916803e-06,0.2872184308165751,0.28981092122006
58,burn-in,59,26.0248800823465,0.82,8.730876288159149e-06,0.287239585140186,0.2898329484497009
59,burn-in,60,25.997707538306713,0.82,6.601659636512287e-06,0.28726328602808315,0.2898409466848877
60,burn-in,61,25.98382502887398,0.84,8.589600675521117e-06,0.2872658742718213,0.2898318382452369
61,burn-in,62,25.879057375714183,0.84,1.1139483996218093e-05,0.2872631074095809,0.2898303243464516
62,burn-in,63,25.926008086651564,0.84,7.2646990745098595e-06,0.2872723668782077,0.28980507768371705
63,burn-in,64,25.93015516269952,0.84,9.398478498841675e-06,0.28727259016229073,0.2898108644340887
64,burn-in,65,26.046234216541052,0.84,4.276466261306501e-06,0.28727862588720016,0.28980822524701616
65,burn-in,66,25.890988010913134,0.84,5.530759713998615e-06,0.28728169434254003,0.2898012171720901
66,burn-in,67,25.838346709497273,0.84,4.783722292852489e-06,0.28727302980685937,0.2898003098742414
67,burn-in,68,26.007203047163785,0.84,6.162987302440829e-06,0.2872692019405253,0.2898058456362617
68,burn-in,69,25.923834992572665,0.84,7.91654825561742e-06,0.28726177835446753,0.2898126842723316
69,burn-in,70,26.026947997510433,0.82,5.391759572906614e-06,0.28726177835446753,0.2898126842723316
70,burn-in,71,25.92900756560266,0.82,6.909729343995384e-06,0.2872655277523526,0.28981050609898185
71,burn-in,72,25.99516705609858,0.82,8.213635146469364e-06,0.2872805187385149,0.2898063402227013
72,burn-in,73,25.99748089723289,0.82,1.0471921812528365e-05,0.2872938080792864,0.289807741988835
73,burn-in,74,25.949533972889185,0.82,1.3315396480636525e-05,0.2872978329471475,0.28979195935287505
74,burn-in,75,25.94246648065746,0.84,1.1190866350771502e-05,0.2873185554731274,0.289786256250627
75,burn-in,76,25.85252542141825,0.84,1.330982789971268e-05,0.28731025346566225,0.28978489574081057
76,burn-in,77,25.977404482662678,0.84,1.6834256691126456e-05,0.28730583435842616,0.28979356805167444
77,burn-in,78,25.759644519537687,0.82,8.953428881573634e-06,0.28730583435842616,0.28979356805167444
78,burn-in,79,25.80655342899263,0.8,5.74240282150386e-06,0.28730583435842616,0.28979356805167444
79,burn-in,80,26.221715584397316,0.8,1.7321356189794208e-05,0.28730297073454014,0.289800829009256
80,burn-in,81,25.886243300512433,0.78,1.7321356189794208e-05,0.28730297073454014,0.289800829009256
81,burn-in,82,25.991769831627607,0.78,1.7321356189794208e-05,0.28730681206952247,0.2897842642275672
82,burn-in,83,25.9060652051121,0.78,1.7321356189794208e-05,0.28731226369003215,0.2897563392745638
83,burn-in,84,25.894200473092496,0.78,1.7321356189794208e-05,0.2873077385587215,0.2897431088493093
84,burn-in,85,25.928205220028758,0.8,1.7321356189794208e-05,0.2873138708593065,0.2897566723050427
85,burn-in,86,25.896696956828237,0.8,1.7321356189794208e-05,0.28734970084996364,0.28974118632634255
86,burn-in,87,25.913242045789957,0.8,1.7321356189794208e-05,0.287354413769405,0.28973587009940843
87,burn-in,88,25.971413555555046,0.78,1.7321356189794208e-05,0.287354413769405,0.28973587009940843
88,burn-in,89,26.06222963053733,0.8,1.7321356189794208e-05,0.2873577021249597,0.2897413411764372
89,burn-in,90,25.8508122805506,0.82,1.7321356189794208e-05,0.2873535048604677,0.28971744352242873
90,burn-in,91,25.929274895228446,0.82,1.7321356189794208e-05,0.2873402714773906,0.289739192557339
91,burn-in,92,25.824018171988428,0.82,1.7321356189794208e-05,0.28733438089044105,0.28973992441661844
92,burn-in,93,26.085675345733762,0.82,1.7321356189794208e-05,0.2873252908650019,0.28974490457041086
93,burn-in,94,25.940557242371142,0.82,1.7321356189794208e-05,0.2872964487718206,0.289719837714664
94,burn-in,95,26.090426603332162,0.82,1.7321356189794208e-05,0.2873150166409709,0.28968485356516144
95,burn-in,96,25.908568122424185,0.82,1.7321356189794208e-05,0.28732516805520025,0.28968126462245464
96,burn-in,97,26.02921625599265,0.82,1.7321356189794208e-05,0.2873225133426993,0.2896505390833211
97,burn-in,98,25.89091284479946,0.82,1.7321356189794208e-05,0.2873390135686217,0.2896236027956839
98,burn-in,99,25.900086638517678,0.84,1.7321356189794208e-05,0.28731686832279857,0.2896649822354471
99,burn-in,100,26.041428787633777,0.84,1.7321356189794208e-05,0.2873492194109064,0.2896725051482051
100,sample,1,25.896267439238727,0.86,1.7321356189794208e-05,0.28732880316427967,0.28967049286032354
101,sample,2,25.936915091238916,0.86,1.7321356189794208e-05,0.28734348734746945,0.28965513107481144
102,sample,3,25.956557019613683,0.84,1.7321356189794208e-05,0.28734348734746945,0.28965513107481144
103,sample,4,25.892650850117207,0.82,1.7321356189794208e-05,0.28734348734746945,0.28965513107481144
104,sample,5,25.836332393810153,0.84,1.7321356189794208e-05,0.28733316547710175,0.2896776153313129
105,sample,6,26.03112094476819,0.84,1.7321356189794208e-05,0.2873227158773437,0.2896862123684278
106,sample,7,25.924735970795155,0.84,1.7321356189794208e-05,0.28732494021398675,0.2897063067847873
107,sample,8,25.93949211202562,0.86,1.7321356189794208e-05,0.28729063904146135,0.28969154435985917
108,sample,9,25.878917476162314,0.86,1.7321356189794208e-05,0.2872758338070213,0.28972762702866584
109,sample,10,26.049253712408245,0.86,1.7321356189794208e-05,0.28727008291211537,0.28973500836343974
110,sample,11,25.94609109032899,0.86,1.7321356189794208e-05,0.28725194486754785,0.28972877291430843
111,sample,12,25.88192978221923,0.86,1.7321356189794208e-05,0.28725295389530875,0.2897509749810024
112,sample,13,25.87739539332688,0.86,1.7321356189794208e-05,0.28724839754157483,0.2897423360105086
113,sample,14,25.97131792176515,0.86,1.7321356189794208e-05,0.28725892835052574,0.28973714892663976
114,sample,15,25.840521172620356,0.86,1.7321356189794208e-05,0.2872682952772287,0.2897707784390985
115,sample,16,25.95480301696807,0.86,1.7321356189794208e-05,0.2872362797645972,0.28976878371327675
116,sample,17,25.94638284109533,0.86,1.7321356189794208e-05,0.28722506418781907,0.2897521393735466
117,sample,18,25.895880402065814,0.86,1.7321356189794208e-05,0.28724679047085705,0.28976322758599304
118,sample,19,25.86276012752205,0.86,1.7321356189794208e-05,0.28727821976542733,0.2897456615357321
119,sample,20,25.9241129104048,0.88,1.7321356189794208e-05,0.2873043157540093,0.28972766367479763
120,sample,21,25.902742681093514,0.88,1.7321356189794208e-05,0.2872928676194743,0.2897009536922143
121,sample,22,25.902189303189516,0.88,1.7321356189794208e-05,0.2873019494737161,0.28969358499480585
122,sample,23,26.011349928565323,0.88,1.7321356189794208e-05,0.28730164564755106,0.2897145513781503
123,sample,24,25.894684561528265,0.88,1.7321356189794208e-05,0.2873249772190809,0.2897559861189796
124,sample,25,26.047435019165277,0.88,1.7321356189794208e-05,0.2873606664266245,0.2897439371611155
125,sample,26,25.865813235752285,0.88,1.7321356189794208e-05,0.28735754036211786,0.2897653519216158
126,sample,27,25.96262873057276,0.88,1.7321356189794208e-05,0.28731085886828894,0.2897466675238146
127,sample,28,25.84489648696035,0.9,1.7321356189794208e-05,0.28729355789645505,0.28972726978666874
128,sample,29,25.888058590702713,0.92,1.7321356189794208e-05,0.28732118508662086,0.2897364834938778
129,sample,30,25.92833002936095,0.92,1.7321356189794208e-05,0.2873663918386908,0.28974808671371133
130,sample,31,25.811664199456573,0.92,1.7321356189794208e-05,0.2873663918386908,0.28974808671371133
131,sample,32,25.891367889009416,0.92,1.7321356189794208e-05,0.28739441868070337,0.28974810076271723
132,sample,33,25.9649909818545,0.92,1.7321356189794208e-05,0.28738925844086594,0.2897228809298607
133,sample,34,25.900759004056454,0.92,1.7321356189794208e-05,0.2873681632761296,0.28969184255483016
134,sample,35,25.864081589505076,0.92,1.7321356189794208e-05,0.2874089208693768,0.2896941159526079
135,sample,36,25.84359710942954,0.92,1.7321356189794208e-05,0.287415389523352,0.2897039194344679
136,sample,37,25.84238377865404,0.9,1.7321356189794208e-05,0.287415389523352,0.2897039194344679
137,sample,38,25.81023681163788,0.92,1.7321356189794208e-05,0.28739920201689356,0.2897061373140863
138,sample,39,25.855938388966024,0.9,1.7321356189794208e-05,0.28739920201689356,0.2897061373140863
139,sample,40,25.9851145837456,0.9,1.7321356189794208e-05,0.28741099570178297,0.28968930013473176
140,sample,41,25.913393600843847,0.9,1.7321356189794208e-05,0.28741685936776906,0.2896958830736562
141,sample,42,25.932726371102035,0.9,1.7321356189794208e-05,0.28741724471274377,0.289696042743877
142,sample,43,25.86250718962401,0.9,1.7321356189794208e-05,0.2874181205588734,0.28967608525102273
143,sample,44,26.04037848021835,0.9,1.7321356189794208e-05,0.2874597414752464,0.28965891744041933
144,sample,45,25.998409763909876,0.9,1.7321356189794208e-05,0.28746693610046625,0.2896573427225069
145,sample,46,26.047285824082792,0.9,1.7321356189794208e-05,0.28745876527756875,0.28966125327224707
146,sample,47,25.859547631815076,0.9,1.7321356189794208e-05,0.2874417545132098,0.2896655049403504
147,sample,48,25.961961617693305,0.9,1.7321356189794208e-05,0.28745626701606025,0.2896607124546862
148,sample,49,25.85449182894081,0.9,1.7321356189794208e-05,0.2874426891266647,0.289688288216898
149,sample,50,25.970880400389433,0.9,1.7321356189794208e-05,0.28743910235531916,0.2897304826771849
150,sample,51,25.807698347605765,0.9,1.7321356189794208e-05,0.28743862022188,0.2897215196180569
151,sample,52,25.96531082969159,0.9,1.7321356189794208e-05,0.28743570233063326,0.2897054983319714
152,sample,53,25.917209481820464,0.9,1.7321356189794208e-05,0.28743570233063326,0.2897054983319714
153,sample,54,25.7550019742921,0.92,1.7321356189794208e-05,0.28744180398820357,0.2896829539965321
154,sample,55,26.22903595212847,0.92,1.7321356189794208e-05,0.28744319601419566,0.2896953128698357
155,sample,56,25.881546082906425,0.92,1.7321356189794208e-05,0.28746010054184024,0.2897207334624
156,sample,57,26.0385079421103,0.92,1.7321356189794208e-05,0.2874985705834719,0.28976864268807984
157,sample,58,25.98569037206471,0.92,1.7321356189794208e-05,0.28753474101846743,0.28975115566074916
158,sample,59,26.054594695568085,0.92,1.7321356189794208e-05,0.2875633847403565,0.28974912840284767
159,sample,60,26.035816550254822,0.92,1.7321356189794208e-05,0.2875907905456779,0.2897534893127052
160,sample,61,26.049807054921985,0.92,1.7321356189794208e-05,0.2875522363535969,0.2897718511300982
161,sample,62,25.955905753187835,0.92,1.7321356189794208e-05,0.2875536324401138,0.2897376470494941
162,sample,63,25.76672884542495,0.92,1.7321356189794208e-05,0.2875812243789596,0.28970466254236704
163,sample,64,25.810269374400377,0.9,1.7321356189794208e-05,0.2875812243789596,0.28970466254236704
164,sample,65,25.919097964651883,0.9,1.7321356189794208e-05,0.2875979545733599,0.28971778025082096
165,sample,66,25.97442922089249,0.9,1.7321356189794208e-05,0.28755095160849087,0.28973065751755145
166,sample,67,25.859880154021084,0.9,1.7321356189794208e-05,0.2875826334130651,0.28972608347785933
167,sample,68,25.941967092454433,0.9,1.7321356189794208e-05,0.28759931705441655,0.2897252588356505
168,sample,69,25.943111658096313,0.9,1.7321356189794208e-05,0.28761750561388144,0.28971024891688557
169,sample,70,26.26114432234317,0.9,1.7321356189794208e-05,0.2876206196224348,0.28973490301087323
170,sample,71,25.980475770309567,0.9,1.7321356189794208e-05,0.2876556230980934,0.2896998294035015
171,sample,72,26.060538853518665,0.9,1.7321356189794208e-05,0.28764819567346867,0.28968537900646496
172,sample,73,25.97576050646603,0.9,1.7321356189794208e-05,0.28765928947128,0.2896642157025445
173,sample,74,26.006619836203754,0.9,1.7321356189794208e-05,0.28766339829245735,0.28965643690258513
174,sample,75,25.882842699997127,0.88,1.7321356189794208e-05,0.28766339829245735,0.28965643690258513
175,sample,76,25.938550422899425,0.88,1.7321356189794208e-05,0.28766957926291953,0.28966568122063185
176,sample,77,25.79670370090753,0.88,1.7321356189794208e-05,0.2876607782929671,0.2896207298535861
177,sample,78,25.859774354845285,0.88,1.7321356189794208e-05,0.28769552856163266,0.2896265323957936
178,sample,79,25.956789982505143,0.88,1.7321356189794208e-05,0.28765936269784914,0.2896407550916759
179,sample,80,25.93202932178974,0.88,1.7321356189794208e-05,0.2876568028221095,0.28964235205341843
180,sample,81,25.937065644189715,0.9,1.7321356189794208e-05,0.28760592303319044,0.28964484179978306
181,sample,82,25.798453334718943,0.9,1.7321356189794208e-05,0.28765462897482924,0.2896274211021097
182,sample,83,25.887105810455978,0.9,1.7321356189794208e-05,0.2876403557146318,0.289595301353815
183,sample,84,25.860692718997598,0.88,1.7321356189794208e-05,0.2876403557146318,0.289595301353815
184,sample,85,26.129018431529403,0.88,1.7321356189794208e-05,0.2876491376495699,0.28956822440961083
185,sample,86,26.030245592817664,0.88,1.7321356189794208e-05,0.2876013023687217,0.28959668163712365
186,sample,87,25.857193913310766,0.9,1.7321356189794208e-05,0.28758751036207425,0.2895840584779896
187,sample,88,25.810507128946483,0.9,1.7321356189794208e-05,0.2875774181737922,0.2895690162588175
188,sample,89,25.90617703087628,0.9,1.7321356189794208e-05,0.2875774181737922,0.2895690162588175
189,sample,90,25.793428075499833,0.9,1.7321356189794208e-05,0.28752767641080146,0.2895535618562331
190,sample,91,25.964216448366642,0.9,1.7321356189794208e-05,0.28753974635270146,0.2895521927160719
191,sample,92,25.96085331775248,0.88,1.7321356189794208e-05,0.28753974635270146,0.2895521927160719
192,sample,93,25.948055624961853,0.88,1.7321356189794208e-05,0.28749347314785745,0.28954337182179585
193,sample,94,25.8684865757823,0.88,1.7321356189794208e-05,0.28750677505006084,0.2895563992884401
194,sample,95,25.87012238893658,0.88,1.7321356189794208e-05,0.2874855192124488,0.28958235049273384
195,sample,96,25.86802279483527,0.88,1.7321356189794208e-05,0.28751018860610755,0.28957430457074873
196,sample,97,25.899585803970695,0.88,1.7321356189794208e-05,0.287498826253865,0.2895792508802418
197,sample,98,25.99826015997678,0.88,1.7321356189794208e-05,0.2874756894328104,0.2895753751309307
198,sample,99,26.009770318865776,0.88,1.7321356189794208e-05,0.28745457060908225,0.2895525766921079
199,sample,100,26.1929526431486,0.88,1.7321356189794208e-05,0.2874411413222961,0.28956442123316706
200,sample,101,25.85724699217826,0.88,1.7321356189794208e-05,0.287438599248464,0.28958519829443113
201,sample,102,25.935393759049475,0.88,1.7321356189794208e-05,0.2874365846319532,0.28958392801780486
202,sample,103,25.993814770132303,0.9,1.7321356189794208e-05,0.2874329111975925,0.2895850632496075
203,sample,104,25.973959462717175,0.9,1.7321356189794208e-05,0.28741607295264726,0.2895466098824606
204,sample,105,25.966360392048955,0.9,1.7321356189794208e-05,0.2874333047516013,0.28954647944015643
205,sample,106,25.914876186288893,0.9,1.7321356189794208e-05,0.2873903790761705,0.28954995717045673
206,sample,107,26.04709806293249,0.9,1.7321356189794208e-05,0.28739707412907645,0.2895167993853199
207,sample,108,25.935394188389182,0.9,1.7321356189794208e-05,0.28742232963233144,0.28951999772457404
208,sample,109,25.99050024524331,0.9,1.7321356189794208e-05,0.28743396037887076,0.28951972528004033
209,sample,110,26.089167580008507,0.9,1.7321356189794208e-05,0.2874198168157707,0.2895149635428983
210,sample,111,25.979828911833465,0.9,1.7321356189794208e-05,0.2874328848727207,0.2895223069988651
211,sample,112,25.969170773401856,0.9,1.7321356189794208e-05,0.2874147153330454,0.2895190323455917
212,sample,113,26.044172881171107,0.9,1.7321356189794208e-05,0.28739946814647643,0.2895129887378868
213,sample,114,26.022835524752736,0.92,1.7321356189794208e-05,0.2874080593989512,0.2895347129828824
214,sample,115,26.141291737556458,0.92,1.7321356189794208e-05,0.2874042098805668,0.2895231225775537
215,sample,116,25.945507168769836,0.92,1.7321356189794208e-05,0.2874207103311395,0.28953882700329164
216,sample,117,25.92733881343156,0.92,1.7321356189794208e-05,0.2874535584572104,0.289576338750336
217,sample,118,25.83729643933475,0.92,1.7321356189794208e-05,0.28743083000880976,0.28956504793359994
218,sample,119,25.968314460478723,0.92,1.7321356189794208e-05,0.28740718671852833,0.28956270614316443
219,sample,120,25.843621435575187,0.92,1.7321356189794208e-05,0.2874185460506874,0.28955065301759253
220,sample,121,25.883888613432646,0.92,1.7321356189794208e-05,0.2874119480782301,0.2895816558975288
221,sample,122,25.905494686216116,0.92,1.7321356189794208e-05,0.28736479698551387,0.28957096015997597
222,sample,123,25.97579763829708,0.92,1.7321356189794208e-05,0.28735642438687203,0.2895725062214494
223,sample,124,25.968926886096597,0.92,1.7321356189794208e-05,0.2873748436065702,0.2895687539306538
224,sample,125,25.793886264786124,0.94,1.7321356189794208e-05,0.28741443931277433,0.2895637892459852
225,sample,126,25.832851194776595,0.94,1.7321356189794208e-05,0.2873850569322683,0.2895559627974339
226,sample,127,25.797552254982293,0.94,1.7321356189794208e-05,0.28740175897046644,0.28955049005072375
227,sample,128,25.939933185465634,0.94,1.7321356189794208e-05,0.28742623437017034,0.2895068763746944
228,sample,129,25.90269526001066,0.94,1.7321356189794208e-05,0.2874114824657736,0.28953726526908
229,sample,130,26.118078283034265,0.94,1.7321356189794208e-05,0.28739070938187294,0.28954023617913666
230,sample,131,25.973643640987575,0.94,1.7321356189794208e-05,0.28739077073773367,0.2895141924755939
231,sample,132,25.858846849761903,0.94,1.7321356189794208e-05,0.2874075567370985,0.2895283690487329
232,sample,133,25.972287562675774,0.94,1.7321356189794208e-05,0.2874277961215055,0.28952398355107856
233,sample,134,25.978573569096625,0.96,1.7321356189794208e-05,0.28740909441802553,0.28949276214790126
234,sample,135,26.006401690654457,0.96,1.7321356189794208e-05,0.2874023948157032,0.289502558751331
235,sample,136,25.955307599157095,0.96,1.7321356189794208e-05,0.2874007142638121,0.2895064454038885
236,sample,137,25.97105261962861,0.96,1.7321356189794208e-05,0.2874014997604049,0.2895057551814462
237,sample,138,26.103862741962075,0.96,1.7321356189794208e-05,0.2874162365472958,0.28948533463366755
238,sample,139,25.936405962333083,0.98,1.7321356189794208e-05,0.2873985798665444,0.2894926714517932
239,sample,140,25.91795750427991,0.98,1.7321356189794208e-05,0.28739763939426527,0.2894803947534446
240,sample,141,25.924857176840305,0.98,1.7321356189794208e-05,0.28738938453201446,0.2894750113953914
241,sample,142,25.85760361980647,1.0,1.7321356189794208e-05,0.28738713769736496,0.2894690759699359
242,sample,143,25.83104578126222,1.0,1.7321356189794208e-05,0.28739469920409866,0.28944534853065185
243,sample,144,25.931166755966842,1.0,1.7321356189794208e-05,0.2873970733504615,0.28948757003123515
244,sample,145,26.170161090791225,1.0,1.7321356189794208e-05,0.28738185967145724,0.2895228634543694
245,sample,146,25.957018902525306,1.0,1.7321356189794208e-05,0.2873982166515631,0.28953720174870334
246,sample,147,25.870935485698283,1.0,1.7321356189794208e-05,0.28740738200083243,0.2895305942719247
247,sample,148,25.994839940220118,1.0,1.7321356189794208e-05,0.2874054851393196,0.28953905584111683
248,sample,149,25.886551066301763,1.0,1.7321356189794208e-05,0.2874362552717785,0.28956089033835514
249,sample,150,25.904773102141917,1.0,1.7321356189794208e-05,0.28747705788828765,0.28952851388848544
250,sample,151,25.86568710207939,1.0,1.7321356189794208e-05,0.28746027902937876,0.28955405019158464
251,sample,152,25.92271319963038,1.0,1.7321356189794208e-05,0.28752518826426327,0.28955813652686124
252,sample,153,25.863993847742677,1.0,1.7321356189794208e-05,0.28750007317353293,0.28957963274201726
253,sample,154,25.830015844665468,1.0,1.7321356189794208e-05,0.28752886586224335,0.2895844114319226
254,sample,155,25.839824269525707,1.0,1.7321356189794208e-05,0.2874945475263954,0.2895666469714808
255,sample,156,25.90255201421678,1.0,1.7321356189794208e-05,0.28749165542825206,0.28955422983691376
256,sample,157,25.968269856646657,0.98,1.7321356189794208e-05,0.28749165542825206,0.28955422983691376
257,sample,158,25.773944338783622,0.98,1.7321356189794208e-05,0.28751707309540486,0.28953994954402484
258,sample,159,25.908711581490934,0.98,1.7321356189794208e-05,0.28753758760437204,0.2895266381242374
259,sample,160,26.16023201495409,0.98,1.7321356189794208e-05,0.2875192015416246,0.2895350242724795
260,sample,161,25.724430025555193,0.98,1.7321356189794208e-05,0.2875082088905544,0.2895619961339131
261,sample,162,25.919077338650823,0.98,1.7321356189794208e-05,0.2875140429911193,0.2895287912252274
262,sample,163,25.986732094548643,0.98,1.7321356189794208e-05,0.28749831698603073,0.2895413033963583
263,sample,164,25.842429970391095,0.98,1.7321356189794208e-05,0.2875065831720276,0.28953207309194573
264,sample,165,25.871901649050415,0.98,1.7321356189794208e-05,0.28752550198217325,0.2895102714493604
265,sample,166,25.93396765179932,0.98,1.7321356189794208e-05,0.2875263433610687,0.28951721707822003
266,sample,167,25.7828035550192,0.98,1.7321356189794208e-05,0.28753992017294727,0.28954334774387663
267,sample,168,25.825509074144065,0.98,1.7321356189794208e-05,0.28755202922227446,0.2895485948392706
268,sample,169,25.8259010668844,0.98,1.7321356189794208e-05,0.2875199877347828,0.28953301856448466
269,sample,170,25.87043276336044,0.98,1.7321356189794208e-05,0.2875249229018838,0.2895154995836323
270,sample,171,25.883803626522422,0.98,1.7321356189794208e-05,0.2875254648089308,0.28950164713469784
271,sample,172,25.926609739661217,0.98,1.7321356189794208e-05,0.2874983931183159,0.28947491547377124
272,sample,173,25.892211361788213,0.98,1.7321356189794208e-05,0.28749477208789764,0.28944694656929965
273,sample,174,25.772716214880347,0.98,1.7321356189794208e-05,0.2874987838610173,0.28945610396625493
274,sample,175,26.09056613408029,0.98,1.7321356189794208e-05,0.28748801017118697,0.2894751001014788
275,sample,176,25.83257838897407,0.98,1.7321356189794208e-05,0.2874603802591011,0.28947735381468825
276,sample,177,25.86608185991645,0.98,1.7321356189794208e-05,0.28745859579902183,0.2894678016898702
277,sample,178,25.951204628683627,0.98,1.7321356189794208e-05,0.28743948274499537,0.28944629008613065
278,sample,179,25.802318929694593,0.98,1.7321356189794208e-05,0.28743738851090533,0.2894663335212747
279,sample,180,25.706896658055484,0.98,1.7321356189794208e-05,0.28740706674211125,0.28944957141518834
280,sample,181,26.00436830241233,0.98,1.7321356189794208e-05,0.2874378780204173,0.2894743564875544
281,sample,182,26.012752324342728,0.96,1.7321356189794208e-05,0.2874378780204173,0.2894743564875544
282,sample,183,25.82922148425132,0.96,1.7321356189794208e-05,0.2874446916708545,0.2894355853885066
283,sample,184,26.060272328555584,0.96,1.7321356189794208e-05,0.28745504901035485,0.28941763935168746
284,sample,185,25.85553815215826,0.96,1.7321356189794208e-05,0.2874411327356168,0.28942650968571626
285,sample,186,25.9640607284382,0.96,1.7321356189794208e-05,0.287411763607464,0.28943036486185064
286,sample,187,25.955451517365873,0.94,1.7321356189794208e-05,0.287411763607464,0.28943036486185064
287,sample,188,26.080538775771856,0.94,1.7321356189794208e-05,0.28741842963956526,0.28942714957189897
288,sample,189,25.8350603627041,0.94,1.7321356189794208e-05,0.2874097720781443,0.28941391234400266
289,sample,190,26.089250688441098,0.94,1.7321356189794208e-05,0.28740348026904206,0.28942930534925637
290,sample,191,25.87667971663177,0.94,1.7321356189794208e-05,0.28741141529040354,0.2894275485817148
291,sample,192,25.92470490001142,0.94,1.7321356189794208e-05,0.2874541135375953,0.2894344931569893
292,sample,193,25.920338733121753,0.94,1.7321356189794208e-05,0.287470786421114,0.2894666185233407
293,sample,194,25.918834474869072,0.94,1.7321356189794208e-05,0.2874984449422195,0.2894399734840842
294,sample,195,25.90982117690146,0.94,1.7321356189794208e-05,0.28750691318909327,0.28945716502653873
295,sample,196,25.99761933553964,0.94,1.7321356189794208e-05,0.28748693723547847,0.289449948556151
296,sample,197,25.839650876820087,0.94,1.7321356189794208e-05,0.2874778109929523,0.2894298670051436
297,sample,198,25.946373728103936,0.94,1.7321356189794208e-05,0.2874527485700419,0.2894470870459549
298,sample,199,25.94313403312117,0.94,1.7321356189794208e-05,0.2874644714809287,0.28946793554653155
299,sample,200,25.844057893380523,0.94,1.7321356189794208e-05,0.2874692763555682,0.289435551660586
